{"index": {"/usr/lib/python2.7/os2emxpath.py": 1523829094.0, "/usr/lib/python2.7/ntpath.py": 1523829094.0, "/usr/lib/python2.7/posixpath.py": 1523829094.0, "/home/joooahn/blog/__init__.py": 1540862850.6981277, "/home/joooahn/blog/views.py": 1541118553.5794566, "/usr/lib/python2.7/genericpath.py": 1523829094.0, "/home/joooahn/blog/models.py": 1540863317.844444, "/usr/lib/python2.7/os.py": 1523829094.0, "/home/joooahn/blog/forms.py": 1541117635.6947455, "/home/joooahn/blog/urls.py": 1541118815.6533947}, "version": 26}