{"index": {"/usr/lib/python2.7/os2emxpath.py": 1523829094.0, "/usr/lib/python2.7/posixpath.py": 1523829094.0, "/home/joooahn/blog/__init__.py": 1540862850.6981277, "/usr/lib/python2.7/genericpath.py": 1523829094.0, "/home/joooahn/blog/models.py": 1540863317.844444, "/usr/lib/python2.7/os.py": 1523829094.0, "/usr/lib/python2.7/ntpath.py": 1523829094.0}, "version": 26}